partNo,color,qty
3957a,Black,1
4592c01,Black,2
3659,Black,2
30103,Black,1
3005,Black,6
3010,Black,2
30145,Black,6
3001,Black,1
30236,Black,2
3062,Black,4
30148,Black,1
30152c03,Black,1
4522,Black,1
4497,Black,3
3666,Black,2
3460,Black,2
3034,Black,1
3832,Black,1
3176,Black,1
4073,Black,3
4032,Black,2
30169,Black,1
30165,Black,1
30115,Black,1
30238,Black,2
3069pa1,Black,1
2431,Black,1
2346,Black,2
3483,Black,2
3829c01,Black,2
3009,Blue,1
3008,Blue,2
4070,Blue,2
471,Blue,1
3710,Blue,1
3460,Blue,1
3020,Blue,5
3036,Blue,1
3040,Blue,12
3039,Blue,14
3700,Blue,6
2431,Blue,2
4162,Blue,2
33129,Brown,1
30136,Brown,2
30137,Brown,4
30150,Brown,1
3849,Brown,1
30338,Brown,1
30157,Brown,2
2549,Brown,1
3069,Brown,2
70501,Chrome Gold,1
x276,Chrome Gold,1
44658,Chrome Silver,1
2454,Dark Gray,10
3008px24,Dark Gray,3
30237a,Dark Gray,8
30162,Dark Gray,1
3841,Dark Gray,2
4529,Dark Gray,1
30132,Dark Gray,1
30141,Dark Gray,1
2530,Dark Gray,1
30156pb01,Dark Gray,1
3035,Dark Gray,1
30042,Dark Gray,1
30041,Dark Gray,1
3039,Dark Gray,2
3684a,Dark Gray,4
4871,Dark Gray,1
30240,Dark Gray,1
6587,Dark Gray,3
6028,Green,1
6027,Green,1
6026,Green,1
30271px1,Green,1
4202,Green,2
4201,Green,3
30239,Green,2
6064,Green,1
x8,Green,3
30339,Green,1
3020,Green,2
3031,Green,1
4032,Green,1
x64pb01,Green,1
3455,Light Gray,4
3308,Light Gray,3
2436,Light Gray,1
3005,Light Gray,2
3004,Light Gray,6
2454px6,Light Gray,2
3009,Light Gray,4
3003,Light Gray,1
3007,Light Gray,1
30104,Light Gray,1
3023,Light Gray,2
3623,Light Gray,4
3460,Light Gray,1
3035,Light Gray,1
4081b,Light Gray,8
6091,Light Gray,8
6081,Light Gray,2
32000,Light Gray,4
3701,Light Gray,3
6636,Light Gray,2
2555,Light Gray,2
2412b,Light Gray,2
30149,Light Gray,1
30147,Light Gray,1
30155,Light Gray,4
4863,Light Gray,1
3455,Red,2
3004,Red,2
3009,Red,2
3008,Red,2
3003,Red,5
4495a,Red,1
471,Red,1
3899,Red,1
4865,Red,1
3024,Red,2
3623,Red,2
3710,Red,4
3460,Red,4
3022,Red,5
2420,Red,4
3021,Red,2
3020,Red,4
3034,Red,4
3794a,Red,1
3298,Red,2
3040,Red,6
3048c,Red,1
4460a,Red,6
6091,Red,2
30115,Red,1
3069,Red,1
4625,Tan,1
3710,Tan,2
3020,Tan,1
30157,Tan,2
30165,Tan,1
3069px23,Tan,2
3068px24,Tan,1
3062,Trans-Clear,1
4073,Trans-Clear,1
30161pa1,Trans-Clear,1
4070,Trans-Neon Orange,4
6126,Trans-Neon Orange,7
30153,Trans-Red,4
4073,Trans-Yellow,2
3937,White,1
3626pb0001,White,4
4073,White,23
6541,White,2
3069px30,White,1
2877,Yellow,1
3062,Yellow,3
3941,Yellow,2
4589,Yellow,2
3938,Yellow,1
2343,Yellow,1
6231,Yellow,4
4865,Yellow,4
3020,Yellow,1
3795,Yellow,1
4032,Yellow,5
6091,Yellow,2
2431,Yellow,2
3068,Yellow,1
